{
   "t":"STELR Visible and UV Light",
   "g":[
      {
         "t":"Light Sensors Status",
         "d":[
            {
               "t":"Visible Light",
               "v":"%1",
			   "g":true,
               "u":"Lux",
			   "w":"bar",
			   "min":0,
			   "max":1000
            },
            {
               "t":"UV Index",
               "v":"%2",
			   "g":true,
               "u":"nil",
			   "w":"bar",
			   "min":0,
			   "max":11
            }
         ]
      }
   ]
} 