{
   "t":"STELR DS18B20 Probe Temperatures",
   "g":[
      {
         "t":"DS18B20 Status",
         "d":[
            {
               "t":"Temperature 1",
               "v":"%1",
			   "g":true,
               "u":"deg C",
			   "w":"bar",
			   "min":-10,
			   "max":50
            },
            {
               "t":"Temperature 2",
               "v":"%2",
			   "g":true,
               "u":"deg C",
			   "w":"bar",
			   "min":-10,
			   "max":50
            },
            {
               "t":"Temperature 3",
               "v":"%3",
			   "g":true,
               "u":"deg C",
			   "w":"bar",
			   "min":-10,
			   "max":50
            }
         ]
      }
   ]
} 