{
   "t":"STELR Infra-Red Probe Temperatures",
   "g":[
      {
         "t":"Infra_Red Temperature Probe Status",
         "d":[
            {
               "t":"Ambient Temperature",
               "v":"%1",
			   "g":true,
               "u":"deg C",
			   "w":"bar",
			   "min":-10,
			   "max":50
            },
            {
               "t":"Infra-Red Temperature",
               "v":"%2",
			   "g":true,
               "u":"deg C",
			   "w":"bar",
			   "min":-10,
			   "max":50
            }
         ]
      }
   ]
} 